{
  "DelayToRequestQueraInMilliSeconds": 300,
  "SolutionUrlFormat": "https://github.com/HamidMolareza/QueraProblems/blob/master/Solutions/{0}",
  "ProblemUrlFormat": "https://quera.org/problemset/{0}/",
  "ReadmeFileName": "README.md",
  "ReadmeTemplateName": "Data/ReadmeTemplate.md",
  "NumOfTry": 2,
  "CacheFileName": "Data/cache.json",
  "IgnoreSolutions": [
    "venv"
  ],
  "Users": [
    {
      "Email": "kitm.hamid@gmail.com",
      "AvatarUrl": "https://avatars.githubusercontent.com/u/35568753?v=4",
      "ProfileUrl": "https://github.com/HamidMolareza",
      "Ignore": false
    },
    {
      "Email": "shayanazizi1386@gmail.com",
      "AvatarUrl": "https://avatars.githubusercontent.com/u/80700762?v=4",
      "ProfileUrl": "https://github.com/shayan-azizi",
      "Ignore": false
    },
    {
      "Email": "HamidMolareza@users.noreply.github.com",
      "Ignore": true
    },
    {
      "Email": "35568753+HamidMolareza@users.noreply.github.com",
      "Ignore": true
    }
  ]
}